"Time","ACC_X.raw","ACC_Y.raw","ACC_Z.raw","ACC_X.norm","ACC_Y.norm","ACC_Z.norm","GYRO_X.raw","GYRO_Y.raw","GYRO_Z.raw","GYRO_X.norm","GYRO_Y.norm","GYRO_Z.norm","Ceramic_Piezo","Film_Piezo","Weighted_Film_Piezo","Vibration_Sensor"
"observation 1","","","","","","","","","","","","","","","",""
"696","148","-532","16892","0.15","-0.28","10.09","63","19","29","0.01","0.14","-0.26","195","132","126","0"
"1396","132","-548","16888","0.05","-0.3","10.08","68","18","30","0.01","0.01","-0.08","148","133","132","0"
"2096","12","-492","16756","0.06","-0.37","10.02","66","21","33","-0.05","-0.05","0.1","149","137","138","0"
"2795","184","-628","16944","0.13","-0.35","10.12","64","20","33","-0.17","0.07","-0.02","152","145","142","0"
"3496","108","-568","16740","0.04","-0.37","10.03","63","18","33","-0.05","0.01","-0.02","152","171","153","0"
"4196","156","-600","16876","0.1","-0.32","10.01","66","20","31","-0.11","0.01","0.04","154","149","152","0"
"4896","72","-640","16964","0.07","-0.29","10.16","67","18","32","0.01","-0.23","-0.14","155","150","155","0"
"5596","184","-592","16628","0.08","-0.35","10.02","68","20","32","0.01","0.07","0.17","155","154","158","0"
"6295","256","-596","16812","0.13","-0.33","10.06","65","25","34","-0.29","0.14","0.17","158","157","163","0"
"6996","180","-580","16876","0.03","-0.33","10.13","63","21","33","-0.05","0.07","-0.08","158","156","166","0"
"7695","164","-600","16780","0.07","-0.33","10.09","65","18","31","-0.05","-0.17","0.1","159","159","169","0"
"8396","148","-612","16884","0.05","-0.38","10.12","65","19","30","0.01","0.07","-0.02","160","158","171","0"
"9095","100","-552","16704","0.04","-0.37","10.07","64","17","29","-0.05","-0.23","0.1","161","165","172","0"
"9795","228","-640","16876","0.14","-0.37","10.09","66","18","32","0.07","0.07","-0.02","161","161","173","0"
"10495","68","-620","16928","0.09","-0.33","10.1","67","21","31","0.13","0.01","0.1","161","162","176","0"
"observation 2","","","","","","","","","","","","","","","",""
"695","180","-588","16864","0.11","-0.33","10.08","67","15","32","0.01","-0.23","-0.02","161","173","182","0"
"1396","96","-612","16836","0.08","-0.34","10.09","64","17","33","-0.05","0.01","0.23","160","182","187","0"
"2095","108","-504","16820","0.06","-0.3","10.06","63","17","32","0.07","-0.17","0.1","163","181","187","0"
"2796","168","-628","16960","0.08","-0.33","10.12","67","19","31","0.01","-0.11","-0.02","159","168","182","0"
"3495","172","-516","16764","0.1","-0.4","10.04","66","17","31","0.01","-0.05","-0.08","158","174","181","0"
"4195","180","-576","16828","0.14","-0.34","10.14","66","20","31","-0.17","0.01","0.04","159","190","189","0"
"4896","136","-548","16780","0.02","-0.34","10.16","66","17","33","0.07","0.14","0.1","163","189","190","0"
"5595","184","-568","17076","0.11","-0.35","10.09","67","16","29","0.07","-0.17","-0.14","165","198","196","0"
"6296","92","-576","16736","0.1","-0.39","10.05","65","22","29","-0.05","0.14","-0.2","164","195","199","0"
"6995","84","-580","16768","0.14","-0.38","9.98","68","20","29","0.01","-0.05","-0.08","165","193","199","0"
"7695","212","-648","16832","0.09","-0.41","10.09","65","20","33","-0.05","0.14","-0.02","166","192","201","0"
"8395","164","-556","16812","0.04","-0.34","10.08","66","19","31","-0.11","-0.05","-0.02","165","190","200","0"
"9095","172","-560","16880","0.1","-0.33","10.1","65","19","34","0.07","0.01","0.17","167","188","199","0"
"9795","216","-520","16892","0.05","-0.35","10.1","64","23","33","0.07","0.26","-0.02","168","188","198","0"
"10495","196","-548","16844","0.14","-0.35","10","67","19","31","0.01","0.14","0.17","166","190","200","0"
"observation 3","","","","","","","","","","","","","","","",""
"696","144","-660","16876","0.06","-0.38","10.08","66","22","33","-0.05","0.2","-0.02","159","165","176","0"
"1396","100","-620","16608","0.08","-0.4","10.12","66","20","32","0.07","0.07","0.1","158","172","181","0"
"2096","156","-624","16924","0.14","-0.38","10.07","65","19","30","0.01","0.2","0.1","158","174","182","0"
"2796","164","-568","16896","0.06","-0.33","10.01","65","16","32","0.01","0.01","-0.02","160","175","181","0"
"3496","88","-636","16760","0.08","-0.37","10.11","67","20","32","0.01","0.01","0.1","158","175","183","0"
"4195","136","-656","16896","0.04","-0.37","10.05","68","19","32","-0.05","-0.05","-0.08","160","177","186","0"
"4896","132","-668","16824","0.08","-0.33","10.09","67","20","28","0.07","0.07","-0.08","159","178","188","0"
"5595","144","-540","16888","0.09","-0.43","10.03","66","19","32","0.07","0.14","0.04","159","186","189","0"
"6296","148","-600","17044","0.11","-0.37","10.13","66","18","32","-0.05","0.01","-0.08","162","182","187","0"
"6995","156","-644","16868","0.05","-0.36","10.1","66","19","32","0.01","-0.05","0.1","159","184","189","0"
"7695","60","-608","16848","0.05","-0.34","10.1","66","18","32","0.01","-0.17","0.1","159","188","191","0"
"8395","192","-576","16844","0.11","-0.33","10.04","67","17","31","0.01","-0.11","-0.08","162","183","189","0"
"9095","156","-596","16828","0.04","-0.28","10.13","64","17","33","-0.11","0.07","0.04","159","182","188","0"
"9795","124","-528","16916","0.07","-0.33","10.08","69","18","28","0.19","-0.05","0.04","158","180","188","0"
"10495","204","-592","16860","0.08","-0.34","9.98","66","17","32","0.01","-0.23","0.1","159","180","189","0"
"observation 4","","","","","","","","","","","","","","","",""
"695","92","-612","16716","0.04","-0.35","10.09","62","19","30","0.01","0.01","-0.02","162","201","198","0"
"1395","60","-564","16796","0.06","-0.34","10.04","63","19","31","0.01","-0.05","0.04","163","203","201","0"
"2095","68","-516","16912","0.07","-0.34","10.06","64","17","31","-0.05","0.01","0.1","162","197","202","0"
"2795","200","-588","16816","0.11","-0.36","10.03","67","21","31","0.07","0.14","-0.02","164","191","202","0"
"3495","224","-560","16968","0.1","-0.36","10.12","68","21","32","0.01","0.14","-0.02","165","196","203","0"
"4195","180","-560","16720","0.07","-0.36","9.98","62","20","33","-0.11","0.07","-0.02","164","190","203","0"
"4895","160","-540","16812","0.09","-0.39","10.08","62","21","32","-0.11","0.01","-0.08","165","194","205","0"
"5595","192","-560","16864","0.1","-0.35","10.07","70","18","29","0.13","0.01","-0.02","164","193","205","0"
"6295","100","-572","16764","0.09","-0.35","10.06","66","23","31","0.01","0.26","-0.02","164","190","206","0"
"6995","132","-588","16868","0.11","-0.33","10.08","65","23","31","-0.11","0.14","0.17","168","190","205","0"
"7695","184","-536","16780","0.06","-0.37","9.95","65","16","31","-0.11","-0.11","-0.02","163","187","203","0"
"8394","124","-652","16880","0.13","-0.37","10.04","65","19","33","-0.05","0.07","0.1","165","188","203","0"
"9095","92","-604","16792","0.11","-0.31","10.02","66","17","32","0.01","0.07","0.17","163","184","202","0"
"9794","176","-604","16792","0.1","-0.35","10.1","67","22","32","-0.05","0.14","0.04","165","185","201","0"
"10495","148","-508","16964","0.09","-0.3","10.07","64","19","30","-0.05","-0.11","-0.02","165","190","201","0"
"observation 5","","","","","","","","","","","","","","","",""
"697","132","-560","16808","0.11","-0.32","10.07","65","18","32","-0.05","0.07","-0.08","157","208","193","0"
"1396","84","-560","16852","0.07","-0.37","10.07","65","20","33","0.07","0.07","0.1","160","198","193","0"
"2096","164","-680","17000","0.1","-0.38","10.1","66","19","33","0.07","0.14","0.04","158","192","192","0"
"2796","132","-592","16860","0.04","-0.32","10.09","67","19","33","0.01","0.01","0.1","160","188","191","0"
"3496","164","-472","16744","0.07","-0.33","10.1","64","20","32","-0.05","0.07","-0.02","158","191","192","0"
"4197","164","-540","16888","0.07","-0.35","10.07","63","17","30","0.07","-0.05","-0.02","160","186","188","0"
"4896","196","-592","16836","0.12","-0.31","10.05","65","16","31","-0.05","-0.05","0.04","158","193","195","0"
"5597","148","-588","16852","0.17","-0.37","10.07","63","17","31","-0.17","0.01","-0.08","158","190","196","0"
"6296","88","-600","16860","0.05","-0.36","10.09","65","20","33","-0.11","0.07","0.04","162","189","199","0"
"6996","172","-568","16948","0.1","-0.35","10.05","67","20","32","0.13","0.07","0.04","165","187","201","0"
"7696","92","-524","16840","0.1","-0.34","10.03","68","20","28","0.19","0.01","-0.08","165","189","201","0"
"8396","188","-488","16804","0.07","-0.34","10.05","67","19","29","-0.17","0.07","-0.14","166","187","199","0"
"9096","100","-520","16812","0.06","-0.32","10.11","65","17","30","0.07","-0.11","-0.08","162","185","199","0"
"9796","28","-556","16816","0.07","-0.32","9.96","65","22","33","-0.11","0.14","-0.02","163","173","195","0"
"10495","144","-636","16900","0.02","-0.4","10.12","65","19","34","-0.17","0.01","0.04","162","169","194","0"
"observation 6","","","","","","","","","","","","","","","",""
"695","148","-588","16948","0.12","-0.3","10.08","68","19","31","0.19","-0.05","0.04","161","199","201","0"
"1395","184","-484","16812","0.09","-0.31","10.07","68","17","31","0.13","-0.23","-0.08","162","190","202","0"
"2095","196","-476","16840","0.07","-0.32","10.05","68","19","30","-0.05","-0.05","-0.02","156","186","200","0"
"2795","144","-516","16824","0.15","-0.29","10.12","66","18","29","-0.05","0.14","-0.2","161","166","194","0"
"3496","96","-568","16744","0.04","-0.4","10.03","69","20","33","0.13","-0.05","-0.02","162","181","198","0"
"4195","124","-564","16868","0.05","-0.32","10.15","68","16","32","-0.05","-0.29","-0.08","167","183","201","0"
"4895","56","-564","16756","0.03","-0.37","10.01","65","17","31","0.07","-0.11","-0.08","164","202","207","0"
"5595","132","-692","17044","0.13","-0.37","10.13","65","19","31","0.25","0.07","-0.02","167","198","207","0"
"6295","152","-592","16928","0.1","-0.32","10.13","64","20","30","-0.17","0.2","-0.02","165","192","207","0"
"6995","212","-636","16812","0.08","-0.37","10.1","67","19","33","-0.05","0.01","0.1","165","192","207","0"
"7695","144","-552","16772","0.07","-0.34","10.03","65","22","31","0.01","0.14","-0.02","163","192","204","0"
"8394","176","-528","16764","0.09","-0.33","10.03","67","16","33","0.13","-0.05","0.23","167","195","206","0"
"9095","200","-568","16644","0.12","-0.28","10.07","65","21","29","-0.05","0.01","-0.2","165","187","203","0"
"9794","132","-576","16844","0.08","-0.33","10.02","62","19","31","-0.11","0.14","0.04","164","192","205","0"
"10495","60","-524","16780","0.11","-0.32","10.05","63","20","33","-0.29","0.07","-0.02","164","193","205","0"
"observation 7","","","","","","","","","","","","","","","",""
"696","224","-532","16768","0.13","-0.36","10.07","66","22","33","0.07","0.14","0.04","164","198","200","0"
"1396","88","-536","16896","0.08","-0.32","10.04","66","21","28","0.13","0.07","-0.2","166","194","202","0"
"2096","144","-492","16732","0.14","-0.33","10.08","67","17","31","-0.05","-0.11","-0.02","162","192","204","0"
"2796","184","-592","16884","0.12","-0.36","10.09","66","20","31","0.25","0.01","0.04","164","191","204","0"
"3496","120","-560","16772","0.09","-0.33","9.98","65","19","32","0.13","-0.05","0.04","165","190","203","0"
"4196","108","-568","16696","0.04","-0.33","10","67","21","30","0.19","0.01","0.04","166","193","204","0"
"4895","44","-676","16832","0.07","-0.38","10.1","61","19","32","-0.11","-0.05","0.17","166","183","201","0"
"5596","136","-520","16916","0.11","-0.35","10.11","63","21","29","-0.11","0.01","0.04","165","195","206","0"
"6295","156","-568","16744","0.08","-0.39","10.05","63","21","33","-0.17","0.14","0.04","164","198","208","0"
"6996","96","-604","16848","0.12","-0.36","10","64","19","33","-0.11","-0.05","-0.02","170","192","209","0"
"7695","128","-528","16816","0.06","-0.27","10.04","66","19","29","-0.11","0.07","-0.08","167","191","207","0"
"8395","76","-664","16860","0.04","-0.33","10.03","68","18","33","-0.11","-0.17","0.17","166","188","208","0"
"9095","216","-632","16952","0.1","-0.36","10.14","65","22","32","0.01","0.2","-0.02","165","189","207","0"
"9795","128","-568","16764","0.1","-0.32","10.09","68","18","31","0.13","0.14","-0.02","169","186","204","0"
"10495","84","-652","16776","0.07","-0.31","9.98","68","21","29","-0.05","0.07","-0.26","166","187","203","0"
"observation 8","","","","","","","","","","","","","","","",""
"696","120","-600","16876","0.11","-0.36","10.03","66","18","32","0.01","0.07","0.04","164","176","193","0"
"1395","152","-576","16860","0.09","-0.34","10.09","65","21","29","0.13","0.14","-0.08","163","181","194","0"
"2096","92","-612","16824","0.1","-0.35","10.03","67","20","31","0.01","0.01","0.04","161","180","195","0"
"2795","148","-524","16824","0.1","-0.34","10.13","66","22","34","0.01","0.01","-0.08","161","181","195","0"
"3496","164","-548","16728","0.14","-0.35","10.11","66","24","33","-0.11","0.26","0.04","160","182","193","0"
"4196","144","-620","16872","0.1","-0.36","10.09","66","18","31","-0.05","0.01","0.04","162","182","194","0"
"4895","80","-540","16844","0.08","-0.33","10.07","63","18","31","-0.17","0.01","0.1","164","185","196","0"
"5596","196","-516","16808","0.07","-0.33","10.04","65","19","31","-0.11","0.14","-0.14","168","180","197","0"
"6295","200","-616","16756","0.12","-0.36","10.05","65","23","29","-0.05","0.01","-0.08","162","189","200","0"
"6996","172","-604","16728","0.08","-0.33","10.04","64","20","28","-0.05","0.07","-0.14","162","186","199","0"
"7695","28","-512","16908","0.1","-0.35","10.03","67","21","31","0.01","0.38","-0.08","160","186","199","0"
"8395","164","-648","17044","0.14","-0.37","10.07","66","20","30","0.07","0.01","-0.2","164","190","201","0"
"9095","132","-536","16888","0.16","-0.33","10.06","66","18","31","0.13","-0.17","0.04","163","188","202","0"
"9795","96","-460","17012","0.06","-0.28","10.09","65","17","31","-0.11","-0.05","-0.08","163","187","205","0"
"10495","160","-628","16840","0.11","-0.35","10.07","69","21","31","0.01","0.14","-0.14","168","185","204","0"
"observation 9","","","","","","","","","","","","","","","",""
"697","108","-628","16948","0.09","-0.39","10.07","64","16","32","-0.11","0.07","-0.08","161","185","187","0"
"1396","56","-500","16956","0.05","-0.35","10.2","64","20","31","-0.05","0.2","-0.02","159","187","190","0"
"2097","72","-672","16948","0.1","-0.39","10.11","65","19","29","0.07","0.01","-0.08","156","182","189","0"
"2796","88","-492","16868","0.06","-0.33","10.12","65","23","31","0.07","0.2","0.04","162","198","194","0"
"3496","164","-564","16840","0.15","-0.41","10.05","67","20","32","0.01","0.2","0.04","162","192","194","0"
"4196","124","-620","16824","0.03","-0.31","10.07","68","20","29","-0.05","-0.05","-0.02","160","185","193","0"
"4896","192","-532","16864","0.09","-0.35","10.12","67","19","28","0.07","-0.11","0.04","158","189","196","0"
"5596","168","-576","16916","0.11","-0.32","10.14","64","19","31","-0.11","-0.05","-0.02","159","191","197","0"
"6296","196","-624","16888","0.1","-0.39","10.07","65","23","32","-0.23","0.26","0.04","165","194","201","0"
"6995","132","-516","16780","0.06","-0.37","10.08","67","16","29","0.01","0.2","-0.14","162","193","206","0"
"7696","128","-468","16780","0.1","-0.34","10.05","67","15","31","0.01","-0.05","-0.02","166","192","206","0"
"8395","216","-508","16888","0.07","-0.33","10.05","65","17","32","0.07","-0.17","-0.2","167","185","205","0"
"9096","180","-536","16960","0.12","-0.35","10.15","65","21","29","0.01","0.14","-0.08","162","192","207","0"
"9795","116","-584","16836","0.05","-0.33","10.03","66","22","31","-0.05","0.14","0.04","164","197","208","0"
"10495","112","-712","16884","0.09","-0.39","10.03","63","18","33","-0.11","-0.05","0.04","168","197","207","0"
"observation 10","","","","","","","","","","","","","","","",""
"696","144","-576","16892","0.16","-0.35","10.12","66","17","33","0.07","-0.17","-0.08","165","203","199","0"
"1395","136","-524","16980","0","-0.3","10.02","65","15","35","0.01","-0.23","-0.02","164","199","200","0"
"2096","136","-528","16780","0.06","-0.35","10.06","65","21","35","-0.05","0.26","-0.02","168","193","200","0"
"2796","28","-620","16892","0.07","-0.3","10.07","69","20","30","0.19","0.01","0.04","167","193","201","0"
"3496","156","-636","16804","0.09","-0.39","10.13","66","18","30","0.07","-0.05","-0.02","168","189","200","0"
"4196","232","-552","16740","0.1","-0.36","10.02","65","20","34","-0.11","-0.17","0.17","168","191","200","0"
"4895","140","-588","16876","0.06","-0.39","10.05","65","19","31","-0.11","-0.05","-0.02","166","195","201","0"
"5596","96","-496","16868","0.12","-0.31","10.2","67","18","29","0.01","-0.05","-0.14","166","191","199","0"
"6295","132","-752","16876","0.1","-0.36","10.15","66","19","28","0.13","0.01","-0.02","170","197","201","0"
"6996","148","-512","16736","0.04","-0.3","10.09","63","21","31","-0.11","0.01","-0.08","167","194","202","0"
"7695","232","-508","16928","0.1","-0.34","10.01","65","17","32","-0.05","0.07","0.04","167","196","204","0"
"8395","108","-560","16936","0.07","-0.36","10.02","65","19","27","-0.11","0.01","-0.14","168","198","205","0"
"9095","304","-568","16784","0.14","-0.33","10.09","64","19","32","-0.11","-0.05","0.17","168","197","207","0"
"9795","144","-564","17020","0.04","-0.32","10.11","65","16","35","-0.05","-0.05","-0.02","171","196","208","0"
"10495","152","-608","16944","0.1","-0.32","10.16","68","17","33","0.19","-0.05","0.17","167","183","202","0"
"observation 11","","","","","","","","","","","","","","","",""
"696","64","-620","16776","0.06","-0.38","10.01","67","18","29","0.01","-0.05","-0.08","159","208","183","0"
"1396","172","-600","16788","0.11","-0.34","10.01","69","18","32","0.07","-0.05","0.04","157","196","181","0"
"2096","184","-608","16952","0.11","-0.31","10.18","63","18","29","-0.11","0.01","-0.02","158","191","180","0"
"2797","68","-592","16872","0.07","-0.36","10.11","65","18","32","0.07","0.14","0.04","156","190","180","0"
"3496","176","-608","16908","0.12","-0.39","10.12","63","18","31","0.13","0.14","-0.02","159","190","181","0"
"4196","64","-544","16776","0.06","-0.34","10.1","66","17","31","0.07","-0.05","0.04","160","191","183","0"
"4896","144","-584","16776","0.06","-0.4","10.03","66","18","30","-0.11","-0.11","-0.14","163","189","185","0"
"5596","120","-624","16924","0.05","-0.36","10.06","66","20","29","-0.05","-0.05","-0.14","158","191","188","0"
"6296","88","-632","16732","0.06","-0.35","10.03","66","19","30","0.01","0.01","-0.08","159","189","189","0"
"6996","172","-600","16964","0.07","-0.34","10.03","65","20","31","0.01","0.01","-0.02","164","193","192","0"
"7695","172","-560","16816","0.07","-0.37","10.04","64","17","32","0.01","0.01","0.04","166","190","191","0"
"8396","92","-592","16768","0.1","-0.37","10.03","69","18","35","0.01","-0.05","0.1","162","188","193","0"
"9095","164","-612","16844","0.09","-0.38","10.16","66","21","30","0.01","0.01","-0.02","164","189","195","0"
"9796","152","-588","16916","0.09","-0.35","10.14","65","23","31","-0.17","0.07","-0.02","163","186","194","0"
"10495","188","-568","16792","0.12","-0.37","9.96","63","20","33","-0.11","0.07","0.04","161","190","195","0"
"observation 12","","","","","","","","","","","","","","","",""
"697","68","-580","16824","0.1","-0.35","10.15","66","20","30","0.01","-0.05","-0.14","153","164","169","0"
"1396","148","-500","16720","0.03","-0.29","10.1","67","21","30","0.07","-0.11","0.17","154","173","173","0"
"2096","80","-556","16824","-0.03","-0.33","10.07","63","22","30","-0.17","0.2","-0.08","154","174","177","0"
"2796","188","-556","16784","0.14","-0.29","10.02","65","20","34","-0.11","-0.11","-0.08","155","185","183","0"
"3496","160","-484","16832","0.04","-0.3","10.05","67","18","32","-0.11","-0.11","-0.02","157","184","188","0"
"4197","52","-636","16824","0.04","-0.31","10.04","67","22","31","0.13","0.07","0.23","158","190","191","0"
"4896","120","-584","16980","0.09","-0.33","10.12","64","17","31","-0.11","-0.11","0.04","160","192","195","0"
"5596","68","-532","16820","0.01","-0.37","10","64","21","32","-0.05","0.01","0.17","162","191","199","0"
"6296","200","-580","16736","0.11","-0.34","10.03","65","20","32","0.01","-0.11","-0.14","163","167","195","0"
"6996","188","-492","16860","0.11","-0.33","10.02","65","17","31","0.01","-0.11","0.04","167","158","190","0"
"7696","116","-600","16892","0.08","-0.33","10.06","65","19","31","-0.05","0.01","0.1","164","190","202","0"
"8396","164","-584","16828","0.06","-0.3","10.16","64","19","33","-0.05","0.01","-0.02","163","193","205","0"
"9095","68","-568","16864","0.11","-0.36","10.05","69","18","31","0.13","-0.17","0.1","165","195","206","0"
"9796","144","-552","16800","0.12","-0.31","10.1","67","21","29","0.07","0.2","-0.14","168","192","207","0"
"10495","252","-568","16800","0.12","-0.35","10.09","62","16","29","-0.11","-0.17","-0.14","171","196","208","0"
"observation 13","","","","","","","","","","","","","","","",""
"696","184","-484","16852","0.07","-0.26","10.05","64","16","32","0.07","-0.17","0.1","168","209","202","0"
"1397","220","-552","16888","0.17","-0.35","10.11","66","20","30","0.01","0.01","0.04","166","200","200","0"
"2096","60","-660","16876","0.06","-0.31","10.04","66","20","32","0.07","-0.05","0.04","165","195","201","0"
"2797","88","-536","16840","0.13","-0.29","10.11","66","18","34","0.01","0.01","0.1","167","197","201","0"
"3496","140","-632","16880","0.09","-0.38","10.06","66","17","29","-0.05","0.07","-0.08","166","193","199","0"
"4196","156","-560","16772","0.11","-0.37","10.07","66","20","28","0.07","0.01","-0.2","168","195","200","0"
"4896","148","-612","16772","0.15","-0.35","10","67","17","32","-0.05","-0.11","0.1","170","195","203","0"
"5596","32","-560","16856","0.05","-0.33","10.16","65","17","29","0.01","-0.11","-0.02","165","193","201","0"
"6296","188","-544","16740","0.11","-0.39","10.1","66","18","32","-0.11","-0.05","-0.02","170","193","204","0"
"6996","76","-612","16724","0.09","-0.34","10.15","68","20","29","0.01","0.01","0.04","163","194","204","0"
"7695","124","-620","17012","0.13","-0.32","10.1","65","18","31","0.07","0.07","0.04","167","191","202","0"
"8396","104","-608","16824","0.08","-0.43","10.04","66","20","29","-0.05","0.01","-0.08","169","191","203","0"
"9095","112","-620","17008","0.05","-0.37","10.11","68","17","31","-0.05","-0.17","-0.08","165","200","209","0"
"9796","36","-512","16780","0.02","-0.35","10.01","65","19","29","-0.05","0.01","-0.02","172","201","210","0"
"10495","192","-536","16676","0.06","-0.33","10.08","65","19","32","-0.05","0.01","-0.14","173","200","209","0"
"observation 14","","","","","","","","","","","","","","","",""
"697","20","-572","16860","0.04","-0.33","10.13","64","21","30","0.07","0.14","-0.02","160","205","182","0"
"1396","220","-536","16820","0.07","-0.35","10.02","70","22","31","0.25","-0.05","0.04","160","195","185","0"
"2096","96","-568","16768","0.06","-0.31","10.12","66","22","30","0.07","0.14","-0.08","160","194","186","0"
"2796","168","-628","16904","0.03","-0.36","10.11","66","17","31","0.01","0.07","-0.02","163","192","190","0"
"3496","112","-576","16932","0.04","-0.37","10.11","66","21","32","0.01","0.07","-0.02","161","191","192","0"
"4196","188","-660","16772","0.1","-0.33","10.01","66","18","32","0.01","0.01","-0.26","165","193","197","0"
"4896","108","-516","16716","0.07","-0.31","10.11","63","19","30","-0.11","-0.05","-0.02","166","192","202","0"
"5595","196","-596","16816","0.1","-0.34","10.13","67","19","29","0.01","-0.05","-0.02","168","192","207","0"
"6296","76","-528","16848","0.07","-0.31","10.11","64","22","30","-0.05","-0.11","-0.26","171","193","209","0"
"6995","172","-624","17024","0.12","-0.34","10.09","66","18","32","0.07","-0.11","-0.14","167","193","209","0"
"7696","88","-636","16712","0.07","-0.37","10.05","66","19","33","-0.11","-0.17","0.1","171","192","210","0"
"8395","152","-572","16704","0.07","-0.36","10.12","64","18","31","-0.05","0.07","-0.08","168","191","211","0"
"9095","148","-572","16812","0.08","-0.36","10.09","67","17","32","0.01","-0.11","-0.02","168","198","212","0"
"9796","108","-652","16948","0.08","-0.33","10.07","66","17","32","-0.17","-0.05","0.04","167","195","211","0"
"10495","136","-520","16668","0.03","-0.32","10.1","68","20","32","0.01","0.07","0.04","166","196","211","0"
"observation 15","","","","","","","","","","","","","","","",""
"696","144","-544","16708","0.08","-0.37","10.06","67","19","31","0.07","0.14","0.04","166","198","196","0"
"1396","136","-596","16788","0.12","-0.37","9.95","67","20","32","0.01","0.01","-0.14","165","195","196","0"
"2096","116","-592","16828","0.12","-0.3","10.09","64","21","32","0.01","-0.17","0.1","160","193","196","0"
"2795","-4","-584","16816","-0.01","-0.35","10.11","68","18","30","0.07","-0.05","0.04","161","195","196","0"
"3496","116","-580","16708","0.07","-0.33","10.11","64","19","34","-0.11","0.07","-0.14","161","193","195","0"
"4196","180","-620","16848","0.08","-0.35","10.07","67","19","32","0.07","0.01","0.23","161","192","192","0"
"4896","136","-624","16828","0.11","-0.34","10.07","66","19","31","-0.05","-0.05","-0.08","163","192","196","0"
"5596","76","-476","16828","0.04","-0.32","10.05","65","20","31","-0.05","0.07","-0.08","163","191","196","0"
"6295","244","-600","16776","0.11","-0.36","10.07","61","17","31","-0.23","0.07","0.04","163","190","195","0"
"6996","132","-604","17032","0.09","-0.38","10.04","66","20","31","-0.05","0.07","0.17","163","188","193","0"
"7695","172","-588","16652","0.13","-0.38","10.03","66","19","31","0.07","-0.11","0.17","160","186","192","0"
"8396","156","-540","16940","0.05","-0.33","10.03","66","21","31","-0.05","0.14","-0.02","162","187","193","0"
"9095","164","-612","16996","0.1","-0.34","10.08","66","19","31","0.01","-0.11","-0.08","158","189","192","0"
"9795","180","-596","16864","0.15","-0.37","10.05","65","18","27","0.01","0.01","-0.02","161","190","193","0"
"10495","188","-576","16868","0.13","-0.33","10.13","66","17","31","-0.05","-0.05","-0.02","159","188","193","0"
"observation 16","","","","","","","","","","","","","","","",""
"696","108","-644","17008","0.05","-0.39","10.07","65","20","29","0.19","0.07","-0.02","158","184","186","0"
"1396","200","-580","16764","0.13","-0.35","10.05","68","21","31","0.01","-0.11","-0.14","159","185","189","0"
"2095","132","-612","16944","0.14","-0.34","10.06","66","19","32","0.07","-0.05","-0.02","156","187","191","0"
"2796","68","-560","16768","0.1","-0.31","10","65","16","32","-0.05","0.01","0.17","158","189","191","0"
"3495","64","-560","16876","0.07","-0.35","10.07","66","18","29","0.01","0.01","-0.2","160","187","192","0"
"4196","240","-532","16760","0.09","-0.33","10.04","66","18","31","-0.05","0.01","-0.14","162","187","192","0"
"4895","132","-512","16760","0.16","-0.28","10","67","20","31","0.13","0.07","-0.08","159","187","194","0"
"5595","92","-612","16752","0.05","-0.37","10.06","66","19","31","-0.05","0.07","0.1","160","185","196","0"
"6295","184","-544","16828","0.03","-0.36","10.16","65","17","34","0.07","0.01","0.1","164","185","196","0"
"6995","108","-592","16848","0.02","-0.33","10.2","65","17","32","0.01","-0.11","0.1","161","187","197","0"
"7696","116","-640","16716","0.08","-0.34","10.07","65","21","31","0.01","0.01","-0.02","163","187","197","0"
"8395","140","-572","16936","0.08","-0.34","10.08","65","19","33","0.01","-0.11","0.04","163","187","198","0"
"9095","232","-488","16664","0.1","-0.29","9.98","64","20","32","0.01","0.2","-0.02","160","184","197","0"
"9795","152","-548","16940","0.11","-0.36","10.03","66","20","33","-0.05","-0.11","-0.02","164","190","200","0"
"10495","16","-584","16876","0.07","-0.36","10","66","19","33","0.01","-0.05","0.1","161","190","201","0"
"observation 17","","","","","","","","","","","","","","","",""
"696","228","-572","16864","0.12","-0.35","9.93","66","19","33","-0.11","0.07","0.04","160","181","193","0"
"1395","120","-572","16840","0.06","-0.34","10.13","66","21","33","0.13","0.07","0.04","160","192","199","0"
"2096","92","-612","17036","0.09","-0.38","10.14","65","17","32","0.01","-0.11","-0.08","163","196","206","0"
"2796","84","-584","16804","0.02","-0.28","9.97","67","19","31","0.07","0.01","-0.08","164","196","210","0"
"3496","144","-592","16852","0.13","-0.39","9.99","65","19","30","-0.05","-0.11","0.1","164","197","213","0"
"4196","200","-640","16852","0.1","-0.34","10.03","66","19","31","0.01","0.14","-0.14","166","196","215","0"
"4895","92","-592","16980","0.06","-0.35","10.13","64","21","31","-0.23","0.07","-0.08","169","195","216","0"
"5596","252","-660","16884","0.13","-0.41","10.09","66","20","30","0.01","0.01","0.1","167","194","215","0"
"6295","100","-540","16776","0.03","-0.31","10.03","65","16","32","-0.11","-0.23","-0.08","166","193","217","0"
"6996","160","-560","16832","0.08","-0.34","10.03","66","18","31","0.01","0.01","-0.08","166","192","218","0"
"7695","192","-536","16872","0.12","-0.33","10.17","65","20","30","-0.05","-0.11","-0.2","170","192","218","0"
"8395","228","-596","16752","0.08","-0.36","10.15","68","19","30","0.19","0.01","0.04","173","189","219","0"
"9095","120","-656","16880","0.08","-0.37","10.13","65","18","34","-0.11","-0.11","0.04","169","192","220","0"
"9795","220","-560","16884","0.12","-0.3","10.07","63","20","30","-0.05","0.07","-0.08","166","192","219","0"
"10495","132","-552","16848","0.08","-0.36","10.04","66","17","31","0.01","-0.17","0.1","172","193","219","0"
"observation 18","","","","","","","","","","","","","","","",""
"697","232","-660","16816","0.07","-0.33","10.11","65","21","33","-0.11","0.14","0.04","168","204","209","0"
"1396","160","-488","16780","0.15","-0.34","10.04","64","18","33","-0.11","0.07","0.04","167","194","209","0"
"2097","92","-628","16728","0.03","-0.33","10.08","68","19","30","0.13","-0.05","-0.08","167","194","206","0"
"2796","172","-560","16784","0.1","-0.33","10.04","69","17","31","0.01","-0.11","0.1","166","191","209","0"
"3496","136","-624","16760","0.08","-0.3","10.05","65","19","30","0.07","0.26","-0.02","166","192","208","0"
"4196","120","-636","16864","0.12","-0.34","10.08","64","23","32","-0.05","0.2","0.04","167","157","192","0"
"4896","104","-572","16700","0.11","-0.36","10.05","67","20","33","0.07","0.07","0.1","164","242","220","0"
"5596","200","-576","16780","0.07","-0.33","9.97","65","18","30","-0.05","0.01","-0.26","166","221","215","0"
"6296","148","-540","16912","0.07","-0.31","10.08","63","22","31","-0.11","0.14","0.04","166","207","212","0"
"6995","56","-584","16828","0.06","-0.32","10.06","63","15","32","-0.17","-0.11","0.17","171","203","214","0"
"7696","196","-500","16856","0.08","-0.29","10.11","64","20","31","-0.11","-0.05","0.04","170","199","219","0"
"8395","196","-556","16920","0.1","-0.34","10.09","64","17","32","-0.05","-0.05","-0.02","174","200","224","0"
"9096","84","-624","16748","0.05","-0.37","10.14","68","22","30","-0.05","0.07","0.04","175","198","227","0"
"9795","176","-588","16876","0.08","-0.35","10.07","66","20","31","0.07","0.01","0.04","178","194","227","0"
"10495","112","-568","16856","0.1","-0.3","10.08","63","22","31","-0.05","0.2","0.04","173","192","226","0"
"observation 19","","","","","","","","","","","","","","","",""
"696","164","-560","16656","0.04","-0.32","9.98","65","20","31","-0.05","0.07","-0.02","172","221","210","0"
"1396","108","-632","16776","0.11","-0.35","10.06","65","17","33","-0.05","0.01","0.04","167","205","207","0"
"2095","96","-508","16904","0.12","-0.41","10.04","66","21","34","0.07","0.07","0.29","170","202","205","0"
"2796","184","-664","16676","0.1","-0.36","10.01","66","17","33","0.07","-0.05","0.1","170","198","205","0"
"3495","160","-588","16872","0.09","-0.4","10.15","66","23","33","-0.05","0.26","-0.02","170","199","206","0"
"4196","180","-596","16792","0.1","-0.34","10.08","68","19","32","0.13","-0.11","-0.02","173","198","208","0"
"4895","204","-628","16876","0.09","-0.33","10.15","64","16","31","-0.11","-0.05","-0.02","169","198","208","0"
"5595","144","-636","16772","0.07","-0.38","9.98","65","18","28","-0.17","-0.17","-0.08","173","197","208","0"
"6295","248","-592","16732","0.13","-0.34","10.04","67","16","30","0.01","0.14","-0.02","168","195","206","0"
"6995","268","-448","16860","0.13","-0.27","10.11","66","18","30","0.13","0.07","0.1","171","193","206","0"
"7695","204","-612","16884","0.13","-0.37","10.06","65","19","30","-0.23","0.01","-0.08","171","190","205","0"
"8395","116","-628","16860","0.1","-0.39","10.02","62","17","31","-0.11","-0.05","0.04","170","193","205","0"
"9096","108","-568","16772","0.03","-0.35","10.04","65","19","34","0.07","-0.11","0.1","169","194","206","0"
"9795","164","-628","16856","0.12","-0.36","10.11","66","18","30","0.01","0.01","0.1","169","194","205","0"
"10495","128","-656","16912","0.07","-0.36","10.03","64","17","30","-0.17","-0.11","-0.08","172","195","205","0"
"observation 20","","","","","","","","","","","","","","","",""
"696","132","-632","16824","0.1","-0.37","10.07","66","19","30","0.07","0.01","0.04","172","201","203","0"
"1396","136","-520","16904","0.02","-0.32","10.09","66","19","30","-0.05","0.07","-0.02","170","196","204","0"
"2096","76","-596","16820","0.08","-0.35","10.04","67","18","34","-0.05","0.01","0.1","168","193","203","0"
"2796","172","-588","16948","0.1","-0.34","10.1","65","20","30","-0.05","0.07","-0.08","172","194","205","0"
"3496","148","-584","16816","0.07","-0.3","10.1","67","18","33","0.19","0.01","0.1","170","204","207","0"
"4195","156","-572","16884","0.12","-0.36","10.04","66","20","37","-0.11","-0.11","0.1","170","220","212","0"
"4896","160","-628","16736","0.12","-0.36","10.04","64","18","33","-0.11","-0.05","-0.02","171","212","212","0"
"5595","52","-600","16832","0.06","-0.35","10.13","65","19","30","-0.17","0.07","-0.02","172","209","211","0"
"6296","132","-608","17072","0.05","-0.3","10.16","66","18","30","0.07","0.07","0.04","172","206","206","0"
"6995","156","-588","16856","0.09","-0.33","10.02","66","20","33","-0.17","-0.11","-0.02","171","202","210","0"
"7695","172","-656","16848","0.11","-0.39","10.15","64","20","31","-0.17","0.01","0.1","175","202","213","0"
"8395","108","-536","16716","0.12","-0.27","10.01","69","18","29","0.07","0.01","-0.14","175","201","212","0"
"9095","104","-624","16800","0.1","-0.33","10.07","63","20","31","0.01","0.07","0.1","175","199","211","0"
"9795","136","-564","16900","0.16","-0.31","10.09","66","17","33","-0.05","0.14","-0.02","173","197","212","0"
"10495","136","-576","17004","0.06","-0.33","10.15","69","18","32","0.13","0.01","0.1","172","197","210","0"
"observation 21","","","","","","","","","","","","","","","",""
"695","112","-564","16840","0.02","-0.34","10.1","67","16","33","0.07","-0.23","0.04","168","187","189","0"
"1396","176","-616","16748","0.13","-0.37","10.04","66","17","31","0.01","-0.17","-0.14","167","194","194","0"
"2095","156","-520","16952","0.05","-0.38","10.1","64","21","32","-0.17","0.07","-0.02","164","195","196","0"
"2795","216","-568","16912","0.08","-0.38","10.08","64","18","31","0.01","0.01","0.1","166","196","200","0"
"3495","228","-544","16812","0.15","-0.34","10.06","68","20","32","0.13","0.2","-0.02","169","196","202","0"
"4195","132","-532","17000","0.07","-0.33","10.1","64","18","33","0.01","0.07","-0.08","168","194","203","0"
"4895","20","-556","16764","0.05","-0.37","10.04","65","17","31","0.13","-0.17","0.23","166","196","207","0"
"5595","208","-608","16896","0.13","-0.34","10.05","65","21","32","-0.17","0.01","0.1","170","194","208","0"
"6294","96","-536","16844","0.1","-0.33","10.03","67","18","27","-0.05","-0.11","-0.02","173","194","213","0"
"6995","72","-572","16824","0.03","-0.35","10.03","65","15","32","-0.05","-0.11","-0.02","175","194","217","0"
"7694","96","-576","16920","0.06","-0.34","10.12","66","18","30","0.07","0.07","-0.2","172","192","219","0"
"8395","160","-520","16804","0.14","-0.34","10.1","68","20","34","0.13","-0.17","0.1","177","193","218","0"
"9094","64","-612","16864","0.04","-0.41","10.02","66","18","31","0.07","-0.17","0.04","176","194","220","0"
"9794","88","-532","16820","0.11","-0.38","10.04","64","20","31","-0.11","0.07","-0.02","181","198","226","0"
"10494","160","-492","16792","0.13","-0.32","10.07","67","16","32","0.13","-0.11","0.04","184","199","231","0"
"observation 22","","","","","","","","","","","","","","","",""
"696","160","-648","16852","0.15","-0.35","10.11","66","21","32","0.13","0.14","-0.02","174","205","207","0"
"1396","100","-608","16808","0.09","-0.37","10.08","66","18","30","-0.05","0.01","-0.02","174","200","206","0"
"2096","184","-568","16724","0.11","-0.36","10.06","68","21","30","0.38","0.01","-0.02","170","198","204","0"
"2796","248","-584","16712","0.1","-0.38","10.07","64","17","30","0.07","-0.05","-0.08","174","197","204","0"
"3496","160","-544","16892","0.13","-0.35","10.05","67","20","32","0.07","-0.11","0.17","174","197","205","0"
"4196","96","-552","16920","0.04","-0.35","10.08","65","18","30","0.01","-0.11","-0.02","175","200","207","0"
"4896","72","-632","16764","0.06","-0.33","10.04","64","20","34","-0.17","-0.17","0.17","177","199","207","0"
"5596","28","-556","16856","0.06","-0.29","10.08","66","22","32","0.13","0.26","0.1","177","197","208","0"
"6296","60","-624","16948","0.04","-0.34","10.12","65","18","30","0.01","-0.05","-0.08","175","197","210","0"
"6995","216","-632","16768","0.13","-0.36","9.99","66","20","33","0.07","0.14","-0.02","179","196","210","0"
"7696","124","-592","16760","0.06","-0.4","10.02","62","19","29","-0.23","0.07","-0.08","175","196","214","0"
"8395","156","-608","16876","0.07","-0.37","10.09","68","15","30","-0.05","0.01","-0.02","176","198","214","0"
"9096","204","-504","16856","0.1","-0.35","10.08","66","19","31","0.13","0.07","-0.02","179","199","213","0"
"9795","280","-536","16800","0.19","-0.37","10.08","63","20","33","-0.11","0.07","0.23","179","200","212","0"
"10495","48","-576","16788","0.1","-0.41","10.05","67","19","32","-0.05","-0.11","-0.08","179","199","209","0"
"observation 23","","","","","","","","","","","","","","","",""
"696","104","-592","16912","0.04","-0.38","10.1","65","19","32","-0.05","0.01","-0.02","178","208","211","0"
"1396","160","-544","16824","0.11","-0.32","10.08","64","21","32","-0.05","0.07","0.1","175","202","210","0"
"2096","156","-660","16844","0.08","-0.37","10.14","68","22","29","0.13","0.26","-0.08","179","199","208","0"
"2796","180","-604","16764","0.11","-0.36","10.06","63","21","32","-0.17","0.01","-0.02","175","198","210","0"
"3496","228","-520","16712","0.03","-0.33","10.05","64","18","28","-0.17","0.07","-0.02","181","198","211","0"
"4196","212","-648","16824","0.06","-0.38","10.09","63","17","30","0.07","0.01","-0.08","182","255","231","0"
"4895","152","-584","16816","0.1","-0.39","10.05","62","21","33","-0.05","0.07","0.1","179","248","232","0"
"5596","188","-700","16924","0.09","-0.39","10.05","63","19","31","-0.05","-0.05","0.17","181","216","222","0"
"6295","172","-532","16800","0.08","-0.33","10.03","63","20","34","0.01","0.01","-0.02","177","208","216","0"
"6996","92","-564","16836","0.05","-0.31","10.05","66","19","28","0.01","-0.11","-0.08","177","204","214","0"
"7695","280","-600","16832","0.09","-0.39","10.11","66","21","29","-0.05","0.01","-0.02","175","200","214","0"
"8395","144","-564","16880","0.09","-0.35","10.13","65","18","33","0.01","0.01","0.04","177","199","213","0"
"9095","216","-620","16840","0.14","-0.36","10.05","66","19","31","0.13","0.01","0.04","178","198","213","0"
"9795","184","-504","16836","0.09","-0.33","10.09","67","17","32","0.13","0.14","0.17","180","196","214","0"
"10495","184","-568","16772","0.16","-0.34","10.07","65","18","31","0.13","0.01","-0.08","181","195","214","0"
"observation 24","","","","","","","","","","","","","","","",""
"696","184","-568","16916","0.13","-0.36","10.03","64","18","30","0.01","0.07","-0.02","173","168","186","0"
"1396","180","-584","16788","0.09","-0.33","10.06","65","17","31","-0.05","-0.05","-0.08","175","179","192","0"
"2096","128","-552","16844","0.06","-0.31","10.1","66","16","35","-0.23","-0.11","0.17","173","183","195","0"
"2795","180","-564","16932","0.05","-0.35","10.13","66","18","32","-0.05","-0.05","-0.14","172","185","200","0"
"3496","180","-488","17008","0.12","-0.28","10.13","63","19","33","-0.23","0.07","0.17","177","189","204","0"
"4195","148","-584","16776","0.07","-0.34","10.04","68","17","31","0.19","-0.23","0.04","180","191","207","0"
"4896","152","-584","16716","0.11","-0.37","10.09","66","18","33","-0.17","0.07","-0.02","178","191","212","0"
"5595","176","-656","16920","0.08","-0.38","10.18","67","21","30","0.07","0.01","0.04","179","190","215","0"
"6295","104","-552","16820","0.09","-0.37","10.16","67","22","34","0.13","0.32","0.04","183","190","216","0"
"6995","52","-592","16880","0.09","-0.32","10.04","64","20","33","-0.11","-0.05","-0.08","181","194","220","0"
"7695","160","-644","16768","0.05","-0.36","10.05","66","19","32","-0.05","-0.05","0.17","183","192","221","0"
"8395","20","-544","16828","0.07","-0.38","10.07","67","19","34","0.07","0.01","0.17","184","193","222","0"
"9095","40","-572","16804","0.09","-0.36","10.07","64","18","32","-0.17","-0.11","-0.14","185","192","221","0"
"9796","112","-504","16884","0.11","-0.31","10.15","66","20","31","-0.11","0.07","0.1","181","195","218","0"
"10495","132","-548","16844","0.07","-0.36","10.02","67","21","29","0.01","0.14","0.04","180","193","217","0"
"observation 25","","","","","","","","","","","","","","","",""
"696","168","-612","16892","0.12","-0.33","10","64","19","32","-0.05","0.07","-0.02","172","206","199","0"
"1397","204","-604","16820","0.11","-0.32","10.12","68","21","30","0.01","0.07","-0.08","174","207","203","0"
"2096","176","-604","16876","0.1","-0.34","10.07","64","21","31","-0.05","0.07","-0.02","174","206","208","0"
"2797","180","-572","16784","0.13","-0.32","10.04","67","18","33","-0.05","0.01","0.1","175","204","209","0"
"3496","80","-584","16760","0.05","-0.35","10.03","65","19","32","0.13","0.01","0.17","177","204","211","0"
"4196","104","-524","16660","0.07","-0.34","10.07","67","17","32","0.07","-0.05","-0.02","177","203","212","0"
"4896","112","-616","16988","0.12","-0.35","10.08","63","17","31","-0.17","-0.05","-0.02","176","201","212","0"
"5596","100","-520","16892","0.04","-0.32","10.14","67","22","33","0.01","0.07","0.17","176","201","212","0"
"6296","172","-612","16920","0.13","-0.34","10.09","66","17","31","0.13","-0.05","-0.02","177","202","214","0"
"6996","148","-556","16840","0.08","-0.36","10.01","64","20","30","0.07","0.07","0.04","177","198","213","0"
"7695","188","-560","16840","0.14","-0.35","10.01","65","17","36","0.07","-0.05","0.1","175","199","213","0"
"8396","116","-668","16820","0.04","-0.4","10.05","68","18","31","-0.05","0.07","-0.02","178","199","212","0"
"9095","120","-600","16868","0.02","-0.35","10.08","64","21","30","-0.05","0.2","0.17","177","197","213","0"
"9796","144","-640","16832","0.11","-0.37","10.05","64","21","31","-0.05","0.01","0.04","175","198","208","0"
"10495","68","-604","16816","0.08","-0.35","10.1","64","21","30","-0.11","0.01","-0.02","177","197","211","0"
"observation 26","","","","","","","","","","","","","","","",""
"696","152","-496","16924","0.09","-0.32","10.12","66","20","32","-0.05","-0.05","0.1","186","215","225","0"
"1395","88","-492","16972","0.08","-0.33","10.12","65","20","31","-0.11","0.07","0.04","184","206","223","0"
"2096","44","-636","16760","0.04","-0.32","10.1","65","20","33","-0.05","0.14","-0.02","183","203","222","0"
"2795","124","-560","16916","0.09","-0.31","10.12","67","22","32","0.07","0.26","0.17","186","204","220","0"
"3496","64","-568","16724","0.05","-0.35","10.07","67","20","32","-0.05","0.07","0.04","185","204","220","0"
"4196","140","-536","16852","0.12","-0.37","10.09","66","22","33","0.07","0.07","0.23","182","203","220","0"
"4895","180","-628","16804","0.05","-0.39","10.07","67","20","37","-0.17","-0.05","0.17","185","199","221","0"
"5596","124","-612","16860","0.11","-0.31","10.11","64","16","33","-0.11","-0.05","0.04","180","201","219","0"
"6295","144","-632","16796","0.09","-0.32","9.97","68","18","32","-0.11","-0.05","-0.02","185","198","215","0"
"6996","168","-596","16916","0.07","-0.34","10.04","65","22","33","-0.23","0.32","0.1","181","199","216","0"
"7695","144","-520","16840","0.12","-0.34","10.05","64","16","30","-0.05","0.14","-0.14","179","201","216","0"
"8395","160","-552","16832","0.06","-0.34","10.03","67","21","31","0.01","0.14","0.1","180","200","215","0"
"9095","144","-620","16848","0.09","-0.37","10.08","66","19","34","0.13","0.14","-0.02","181","199","214","0"
"9795","132","-588","16860","0.07","-0.33","10.16","66","20","30","-0.05","0.14","-0.02","179","200","212","0"
"10495","244","-528","16884","0.1","-0.33","10.05","66","21","29","0.07","-0.05","-0.02","179","200","214","0"
"observation 27","","","","","","","","","","","","","","","",""
"697","72","-560","16872","0.03","-0.33","10.15","66","17","35","0.01","-0.05","0.17","187","238","232","0"
"1396","192","-592","16824","0.02","-0.36","10.05","64","18","30","-0.11","0.07","-0.14","190","211","225","0"
"2096","76","-556","16844","0.13","-0.39","10.11","64","17","31","-0.11","-0.05","-0.14","186","201","223","0"
"2796","112","-572","16768","0.1","-0.35","10.05","65","19","30","-0.05","0.07","-0.02","186","200","221","0"
"3496","144","-672","16788","0.08","-0.34","10.02","66","17","33","-0.05","-0.11","-0.08","189","198","222","0"
"4197","96","-624","16756","0.11","-0.38","10.03","65","20","30","0.01","0.14","0.04","187","198","222","0"
"4896","156","-560","16832","0.1","-0.32","10.08","64","20","29","-0.05","0.01","0.17","187","197","221","0"
"5596","160","-584","16784","0.11","-0.34","10.03","66","21","33","0.01","0.14","-0.02","189","198","222","0"
"6296","68","-616","16916","0.09","-0.32","10.11","66","20","29","-0.05","-0.05","-0.14","189","200","221","0"
"6996","148","-544","16808","0.07","-0.34","10.04","64","21","34","0.07","0.07","0.1","189","204","221","0"
"7696","176","-568","16796","0.13","-0.33","10.03","64","19","30","-0.11","0.01","-0.02","189","213","224","0"
"8396","152","-528","16828","0.08","-0.34","9.97","67","19","33","0.19","0.26","0.1","188","210","224","0"
"9095","96","-568","16968","0.08","-0.34","10.04","65","20","31","-0.11","0.07","-0.02","188","210","223","0"
"9796","144","-544","16940","0.13","-0.3","10.14","66","21","34","-0.05","0.14","0.17","186","211","223","0"
"10495","168","-464","16908","0.1","-0.32","10.08","64","19","32","-0.11","0.14","0.1","192","210","223","0"
"observation 28","","","","","","","","","","","","","","","",""
"696","240","-452","16612","0.06","-0.33","10.04","64","20","32","0.01","0.07","0.1","190","251","231","0"
"1395","176","-576","16884","0.08","-0.36","10.07","69","20","33","0.07","0.07","0.1","188","230","226","0"
"2096","128","-580","16868","0.03","-0.41","10.08","66","19","29","0.01","0.01","0.04","189","218","221","0"
"2795","204","-648","16788","0.09","-0.39","10.08","66","19","32","0.01","-0.05","-0.02","190","212","219","0"
"3495","212","-632","16916","0.11","-0.36","10.06","64","17","30","-0.05","-0.05","0.1","187","218","221","0"
"4195","72","-660","16784","0.09","-0.33","10.07","64","19","31","-0.11","-0.05","-0.02","188","221","222","0"
"4895","108","-644","16872","0.07","-0.31","10.08","66","19","31","-0.17","0.14","0.04","190","222","224","0"
"5596","68","-604","16816","0.03","-0.39","10.09","66","17","31","0.13","-0.05","0.04","189","222","226","0"
"6295","128","-584","16948","0.09","-0.31","10.08","64","14","31","-0.05","-0.11","-0.08","193","225","225","0"
"6995","132","-496","16848","0.1","-0.33","10.1","62","22","32","-0.11","0.2","0.04","190","225","226","0"
"7695","64","-572","16948","0.01","-0.37","10.11","67","20","33","0.01","0.2","0.04","193","231","227","0"
"8395","48","-556","16836","0.02","-0.37","10.06","69","19","30","0.13","-0.05","0.04","193","233","229","0"
"9095","120","-540","16768","0.09","-0.36","10.05","68","23","27","0.01","0.01","-0.14","195","230","229","0"
"9795","72","-560","16796","0.05","-0.36","10.08","66","21","29","0.01","0.01","0.04","193","226","226","0"
"10494","164","-568","16788","0.1","-0.35","10.05","67","18","31","0.01","-0.11","0.04","193","223","226","0"
"observation 29","","","","","","","","","","","","","","","",""
"696","40","-528","17112","0.08","-0.31","10.13","65","18","33","0.07","-0.11","0.1","186","217","206","0"
"1396","184","-544","16748","0.11","-0.33","10.07","66","18","33","-0.11","0.07","-0.08","186","209","204","0"
"2095","96","-572","16816","0.05","-0.37","10.1","65","16","31","-0.05","-0.05","-0.02","185","205","204","0"
"2796","204","-540","16660","0.06","-0.34","10.08","63","18","32","-0.05","0.26","-0.26","185","205","203","0"
"3496","64","-656","16812","0.03","-0.33","10.04","67","19","33","0.07","-0.05","0.17","184","204","205","0"
"4196","72","-652","16872","0.04","-0.32","10.05","65","20","30","0.07","-0.05","0.04","189","204","207","0"
"4896","144","-672","16860","0.11","-0.36","10.07","63","18","28","-0.17","-0.05","-0.02","190","206","210","0"
"5595","168","-616","16916","0.06","-0.32","10.12","64","21","31","-0.05","0.07","-0.14","189","204","211","0"
"6296","84","-684","16840","0.07","-0.39","10.08","64","19","32","-0.11","0.01","-0.02","187","203","210","0"
"6995","224","-576","16768","0.1","-0.34","10.09","67","19","32","0.07","0.01","-0.02","187","204","207","0"
"7696","192","-640","16864","0.07","-0.35","10.07","66","20","32","-0.17","0.07","0.04","186","202","207","0"
"8395","180","-496","16880","0.06","-0.37","10.04","63","21","35","0.01","0.01","0.17","188","203","203","0"
"9096","160","-548","16868","0.08","-0.33","10.16","64","20","31","0.01","0.14","-0.02","188","205","206","0"
"9795","116","-596","16864","0.1","-0.31","10.08","65","21","31","-0.05","0.2","0.04","189","204","206","0"
"10495","216","-520","16828","0.07","-0.33","10.05","69","18","33","0.25","0.07","0.04","187","206","206","0"
"observation 30","","","","","","","","","","","","","","","",""
"695","120","-540","16772","0.06","-0.42","10.09","65","15","30","-0.05","-0.17","0.04","179","185","183","0"
"1396","160","-576","16940","0.09","-0.37","10.13","63","21","31","-0.11","0.01","-0.08","181","185","184","0"
"2095","184","-560","16780","0.02","-0.3","9.96","66","21","31","0.01","0.14","-0.02","179","187","184","0"
"2796","12","-560","17000","0.06","-0.32","10.1","66","19","34","0.01","0.01","0.17","179","189","181","0"
"3495","120","-564","16892","0.1","-0.33","10.12","64","20","33","0.01","0.07","-0.02","177","188","181","0"
"4195","128","-644","16820","0.04","-0.37","10.18","67","19","34","0.07","0.01","-0.02","178","186","179","0"
"4896","144","-528","16892","0.07","-0.34","10.06","64","20","30","-0.11","0.07","-0.08","176","185","179","0"
"5595","120","-644","16844","0.11","-0.34","10.13","65","16","32","0.01","-0.05","0.1","170","184","179","0"
"6296","108","-540","16872","0.05","-0.34","10.12","67","19","30","-0.11","0.07","-0.2","178","187","181","0"
"6995","52","-672","16816","0.09","-0.37","10.11","64","19","28","0.01","-0.05","0.04","176","185","180","0"
"7695","196","-508","16876","0.12","-0.3","10.1","64","21","32","-0.11","0.2","0.1","179","187","184","0"
"8395","140","-576","16832","0.06","-0.34","9.97","66","18","31","0.01","0.01","-0.02","181","190","189","0"
"9095","184","-612","16720","0.05","-0.38","10.08","66","21","31","0.01","0.14","-0.08","182","190","192","0"
"9795","224","-568","16892","0.07","-0.34","10.14","66","21","34","0.01","0.07","0.29","181","198","196","0"
"10495","68","-536","16788","0.05","-0.35","10.06","64","20","33","-0.05","0.07","-0.14","182","196","200","0"
"observation 31","","","","","","","","","","","","","","","",""
"696","104","-612","16740","0.08","-0.39","10.01","65","20","31","0.01","0.2","0.04","189","205","216","0"
"1396","148","-672","17024","0.17","-0.35","10.13","65","17","32","0.01","0.01","-0.14","189","209","219","0"
"2096","180","-516","16676","0.14","-0.32","9.95","66","17","33","0.01","-0.11","-0.08","189","209","224","0"
"2795","132","-536","16756","0.03","-0.36","10.07","65","18","31","0.01","-0.11","-0.14","189","205","222","0"
"3496","96","-520","16792","0","-0.35","10.06","67","18","32","0.01","0.14","-0.08","186","204","222","0"
"4195","144","-696","16960","0.09","-0.36","10.12","65","17","31","-0.11","-0.11","-0.02","191","204","220","0"
"4896","224","-552","16844","0.16","-0.3","9.98","65","19","31","0.07","0.01","-0.14","193","204","222","0"
"5595","112","-568","16840","0.05","-0.31","10.02","65","22","30","0.13","0.07","0.04","193","205","219","0"
"6295","84","-592","16820","0.13","-0.3","10.13","64","16","33","-0.05","-0.05","0.04","190","206","217","0"
"6995","120","-616","16816","0.08","-0.35","10.01","68","22","31","-0.11","0.2","0.04","191","206","219","0"
"7695","148","-536","16720","0.11","-0.42","10.04","64","20","29","-0.05","-0.05","-0.08","195","205","219","0"
"8395","112","-456","16720","0.02","-0.31","10.02","71","18","30","0.19","-0.11","0.04","190","205","218","0"
"9095","188","-620","16756","0.14","-0.32","10","67","18","30","0.01","0.2","-0.08","190","206","218","0"
"9795","108","-596","17020","0.11","-0.36","10.08","64","21","31","0.01","0.14","-0.08","193","205","217","0"
"10495","116","-536","16924","0.08","-0.37","10.08","65","20","33","-0.23","-0.05","-0.02","191","204","217","0"
"observation 32","","","","","","","","","","","","","","","",""
"696","24","-564","16860","0.05","-0.32","9.97","67","21","34","-0.11","0.07","0.1","190","207","207","0"
"1395","84","-488","17016","0.05","-0.32","10.09","68","21","30","0.01","0.07","-0.08","189","205","208","0"
"2096","184","-576","16824","0.08","-0.35","9.97","63","19","32","-0.23","-0.05","-0.08","191","205","208","0"
"2795","192","-600","16868","0.12","-0.35","10.03","67","17","31","0.19","-0.05","-0.08","189","204","209","0"
"3496","180","-676","16820","0.08","-0.38","10.09","67","20","31","0.13","-0.11","0.04","192","203","211","0"
"4195","164","-528","16844","0.13","-0.36","10.11","66","15","31","0.07","-0.17","0.04","193","203","213","0"
"4895","116","-572","16980","0.07","-0.34","10.16","65","16","29","-0.05","-0.05","-0.14","193","204","212","0"
"5596","224","-624","16728","0.07","-0.38","10.15","65","19","32","-0.05","0.14","-0.02","193","204","213","0"
"6295","64","-580","16740","0.07","-0.38","10.11","66","20","31","0.13","-0.05","-0.08","190","205","212","0"
"6996","184","-572","16840","0.13","-0.33","10.12","67","19","33","0.13","-0.05","0.1","189","201","209","0"
"7695","184","-616","16932","0.09","-0.33","10.16","67","18","32","0.07","-0.05","-0.02","190","203","208","0"
"8395","116","-520","16836","0.05","-0.28","10.03","64","21","33","-0.11","0.2","0.17","190","206","210","0"
"9095","112","-516","16884","0.05","-0.36","10.11","67","20","32","-0.05","0.01","-0.02","191","206","210","0"
"9795","268","-632","16948","0.06","-0.28","10.02","65","17","33","-0.11","-0.11","0.1","190","206","210","0"
"10495","236","-588","16860","0.12","-0.33","9.98","65","20","32","-0.05","-0.11","-0.08","188","204","210","0"
"observation 33","","","","","","","","","","","","","","","",""
"697","184","-484","16756","0.04","-0.29","9.99","63","18","32","-0.05","0.01","0.04","192","218","212","0"
"1396","168","-488","16832","0.1","-0.32","10.07","67","18","30","0.13","-0.05","-0.14","194","211","217","0"
"2096","120","-628","16812","0.05","-0.35","10.01","65","18","33","0.01","-0.05","0.1","192","210","222","0"
"2796","256","-540","16900","0.06","-0.38","10.1","67","19","31","0.19","-0.05","0.04","199","210","225","0"
"3496","92","-484","16896","0.03","-0.33","10.03","65","19","30","0.07","-0.05","0.04","194","207","224","0"
"4196","76","-608","16872","0.02","-0.37","10.05","67","17","31","-0.05","-0.05","0.1","195","209","226","0"
"4896","160","-640","16764","0.11","-0.29","10.04","64","16","33","-0.05","0.01","0.1","199","207","227","0"
"5595","144","-528","16960","0.09","-0.36","10.03","67","19","33","-0.11","-0.05","0.1","200","208","231","0"
"6296","164","-652","16852","0.06","-0.42","10.1","67","19","31","-0.05","0.01","-0.02","198","209","232","0"
"6995","168","-644","16876","0.13","-0.36","10.12","67","20","31","-0.11","0.01","0.17","198","211","231","0"
"7696","160","-612","16840","0.11","-0.37","10.17","68","20","31","0.07","0.01","-0.02","196","210","229","0"
"8395","192","-508","16880","0.1","-0.32","10.12","66","21","28","-0.11","0.14","-0.14","200","211","226","0"
"9096","192","-620","16904","0.1","-0.34","10.12","65","22","31","-0.11","0.14","-0.02","198","210","228","0"
"9795","232","-504","16756","0.12","-0.39","10.06","63","20","32","-0.23","0.07","0.04","200","212","229","0"
"10495","84","-576","16856","0.05","-0.39","10.1","67","18","33","0.19","0.07","0.1","200","212","228","0"
"observation 34","","","","","","","","","","","","","","","",""
"695","84","-544","16884","0.08","-0.28","10.1","65","20","31","-0.05","0.01","-0.08","197","218","221","0"
"1395","112","-540","16892","0.04","-0.33","10.1","64","19","34","-0.17","0.01","0.17","197","214","221","0"
"2095","104","-632","16732","0.07","-0.37","9.99","68","19","31","0.07","0.01","-0.14","198","212","220","0"
"2795","192","-552","16968","0.08","-0.31","10.09","65","18","32","0.01","0.01","-0.02","198","210","220","0"
"3496","76","-636","16780","0.09","-0.36","10.08","65","19","34","-0.11","0.01","0.04","196","213","222","0"
"4195","116","-576","16872","0.11","-0.38","10.09","66","18","31","-0.11","-0.05","0.04","199","212","223","0"
"4896","268","-544","16916","0.07","-0.35","9.99","64","19","32","-0.05","0.07","0.04","201","212","227","0"
"5595","180","-632","16852","0.05","-0.34","10","64","20","33","-0.29","0.07","-0.02","197","209","227","0"
"6295","100","-576","16940","0.06","-0.31","10.14","65","21","33","0.01","0.14","-0.02","197","210","227","0"
"6995","124","-676","16892","0.04","-0.41","10.03","68","20","32","0.07","0.07","-0.02","201","210","227","0"
"7695","76","-584","16776","0.05","-0.37","10.09","65","18","31","-0.05","0.07","-0.14","199","210","227","0"
"8395","116","-500","16900","0.1","-0.33","10.12","66","17","27","0.07","-0.11","-0.02","196","210","226","0"
"9095","196","-600","16792","0.08","-0.34","10.03","67","22","33","-0.05","0.14","-0.08","197","209","226","0"
"9794","104","-568","16780","0.11","-0.33","10.06","65","16","33","-0.05","-0.05","0.04","199","209","226","0"
"10495","44","-600","16932","0.13","-0.36","10.06","64","20","30","-0.11","0.07","-0.02","198","208","224","0"
"observation 35","","","","","","","","","","","","","","","",""
"695","200","-512","16852","0.1","-0.34","10.08","64","21","32","-0.05","0.01","0.1","199","215","222","0"
"1395","200","-560","16884","0.12","-0.37","10.16","66","19","29","0.13","0.01","-0.08","199","215","225","0"
"2095","72","-508","16796","0.07","-0.32","10.09","66","18","33","-0.11","-0.05","0.17","198","213","225","0"
"2795","196","-628","16760","0.09","-0.36","10.12","63","17","33","-0.11","0.01","-0.02","200","212","224","0"
"3495","192","-584","16752","0.11","-0.37","10.13","65","18","30","0.01","-0.17","0.04","199","213","226","0"
"4195","196","-516","16888","0.12","-0.37","10.1","65","18","31","-0.11","-0.05","0.1","202","213","227","0"
"4895","124","-628","16824","0.09","-0.32","10.09","65","22","32","0.01","0.07","-0.08","201","213","230","0"
"5595","152","-596","16840","0.07","-0.42","10.15","63","16","33","-0.23","-0.11","-0.14","204","213","229","0"
"6295","96","-620","16748","0.09","-0.37","10.06","63","20","36","-0.05","0.07","0.17","202","214","232","0"
"6995","108","-604","16728","0.08","-0.35","10.11","69","19","33","0.01","-0.05","0.1","203","212","230","0"
"7695","188","-584","16876","0.12","-0.33","10.05","66","20","31","0.13","-0.05","-0.08","200","212","231","0"
"8394","120","-520","16856","0.1","-0.32","10.07","67","19","31","0.19","-0.05","0.04","200","210","232","0"
"9095","164","-592","16804","0.11","-0.36","10.09","65","18","32","0.13","0.07","0.1","205","212","230","0"
"9794","196","-536","16836","0.14","-0.35","10.02","66","19","33","0.01","0.07","-0.02","205","212","229","0"
"10495","136","-532","16860","0.08","-0.35","10.12","65","22","31","-0.11","0.07","-0.02","201","211","230","0"
"observation 36","","","","","","","","","","","","","","","",""
"696","148","-520","16792","0.09","-0.34","10.1","67","20","31","-0.05","0.01","-0.02","193","235","217","0"
"1395","108","-612","16732","0.06","-0.36","10.01","66","17","29","0.01","0.01","0.04","198","224","216","0"
"2096","160","-544","16908","0.06","-0.32","10.09","64","20","32","-0.17","-0.11","-0.02","198","219","215","0"
"2795","168","-532","16916","0.06","-0.31","10.1","67","20","32","0.07","0.01","0.04","198","218","216","0"
"3496","152","-624","16968","0.04","-0.4","10.13","67","18","31","0.01","0.07","0.04","197","216","215","0"
"4195","92","-580","16728","0.1","-0.34","10.04","66","21","33","0.07","0.01","-0.02","198","216","216","0"
"4895","128","-520","16840","0.09","-0.32","10.05","68","19","29","0.19","-0.05","-0.14","199","212","214","0"
"5595","104","-600","16876","0.14","-0.33","10.11","67","21","30","0.13","0.01","-0.14","196","214","214","0"
"6295","108","-440","16808","0.05","-0.29","10.07","65","16","32","-0.17","-0.11","0.04","196","213","211","0"
"6995","180","-544","17012","0.11","-0.33","10.18","66","22","29","0.07","0.01","0.04","195","211","210","0"
"7695","108","-560","16768","0.1","-0.29","10.03","65","20","32","0.01","0.14","0.17","197","213","214","0"
"8394","140","-592","16856","0.07","-0.35","10.1","65","18","32","-0.05","0.07","0.1","196","215","214","0"
"9095","32","-532","16792","0","-0.36","10.15","65","20","30","-0.11","0.2","0.1","198","213","213","0"
"9794","56","-620","16768","0.08","-0.33","10.06","62","19","30","-0.11","0.07","-0.14","196","216","213","0"
"10495","56","-612","16980","0.05","-0.33","10.13","66","17","31","-0.17","-0.05","0.04","196","213","213","0"
"observation 37","","","","","","","","","","","","","","","",""
"696","164","-624","16800","0.13","-0.35","10.03","64","19","32","0.07","0.07","0.04","195","212","219","0"
"1396","168","-620","17060","0.07","-0.34","10.15","64","19","32","-0.05","0.07","0.1","197","217","221","0"
"2095","84","-544","16756","0.06","-0.27","10.09","68","17","31","0.07","-0.11","0.04","198","212","220","0"
"2796","256","-636","16788","0.12","-0.36","10.06","66","19","35","-0.05","-0.11","0.04","195","213","219","0"
"3495","72","-536","16696","0.11","-0.26","10.11","65","17","30","-0.11","0.01","-0.02","196","223","223","0"
"4196","108","-572","16672","0.06","-0.33","9.99","63","17","33","-0.05","0.01","-0.02","198","222","224","0"
"4895","128","-504","16904","0.04","-0.32","10.05","67","18","32","-0.05","0.07","0.04","196","218","223","0"
"5595","196","-628","16716","0.09","-0.38","10.02","65","21","30","0.13","0.07","-0.02","197","215","224","0"
"6295","172","-584","16808","0.12","-0.33","10.02","66","20","32","-0.11","0.01","-0.08","196","282","246","0"
"6995","132","-572","16824","0.1","-0.36","10.13","67","20","28","0.13","0.14","-0.08","197","216","225","0"
"7695","116","-544","16716","0.05","-0.33","10.02","67","16","33","0.07","-0.23","0.04","196","215","224","0"
"8395","128","-604","16800","0.08","-0.35","10.03","64","18","34","-0.23","0.07","0.1","198","213","223","0"
"9094","104","-520","16740","0.06","-0.31","10.01","67","19","31","0.07","0.01","-0.02","196","212","223","0"
"9795","132","-512","16872","0.14","-0.31","9.99","66","18","33","-0.11","0.01","0.04","197","219","223","0"
"10494","124","-544","16796","0.11","-0.33","10.02","69","17","31","0.07","0.01","-0.14","197","218","225","0"
"observation 38","","","","","","","","","","","","","","","",""
"695","112","-604","16764","0.1","-0.37","10.06","68","20","33","0.07","0.26","0.1","197","209","220","0"
"1395","176","-620","16964","0.07","-0.39","10.13","70","17","30","0.38","0.07","-0.02","198","204","218","0"
"2095","128","-572","16768","0.09","-0.37","10.09","66","16","30","0.01","0.01","-0.08","198","202","217","0"
"2795","68","-508","16788","0.09","-0.31","10.07","65","21","32","-0.11","-0.05","0.04","195","205","218","0"
"3495","80","-656","16888","0.06","-0.39","10.09","66","16","31","-0.05","-0.11","0.1","199","206","217","0"
"4195","120","-512","16868","0.06","-0.29","10.05","65","21","34","-0.05","0.14","0.17","195","207","219","0"
"4894","88","-644","16800","0.07","-0.3","9.99","62","18","30","-0.05","-0.23","-0.08","197","217","221","0"
"5595","208","-620","16824","0.15","-0.32","10.09","64","18","30","0.01","-0.17","-0.26","194","217","222","0"
"6294","252","-652","17008","0.09","-0.31","10.13","64","19","30","-0.05","-0.11","-0.02","195","218","222","0"
"6995","172","-640","16788","0.14","-0.34","10.13","65","18","31","-0.11","-0.05","-0.08","195","209","219","0"
"7694","144","-592","16752","0.11","-0.36","10.1","64","20","33","-0.17","0.07","-0.02","196","219","222","0"
"8394","140","-476","16824","0.11","-0.33","10.06","65","21","32","-0.11","-0.05","0.1","197","215","222","0"
"9095","112","-576","16952","0.01","-0.37","10.09","63","18","31","-0.23","-0.05","0.04","198","221","225","0"
"9794","76","-492","16760","0.11","-0.33","10.08","67","20","33","0.07","0.14","0.04","198","223","228","0"
"10495","104","-608","16632","0.06","-0.36","9.95","65","18","29","-0.11","0.07","-0.08","199","219","229","0"
"observation 39","","","","","","","","","","","","","","","",""
"696","88","-556","16920","0.05","-0.33","10.12","68","20","33","0.01","-0.05","0.1","200","222","224","0"
"1395","164","-536","16848","0.12","-0.29","10.12","66","22","30","-0.11","0.01","-0.08","202","212","225","0"
"2096","96","-608","16888","0.13","-0.36","10.12","67","19","28","0.13","-0.05","-0.14","199","210","224","0"
"2795","72","-600","16940","0.11","-0.36","10.1","65","19","30","0.01","-0.05","-0.08","201","209","223","0"
"3496","152","-536","16828","0.09","-0.31","10.12","67","16","34","0.01","-0.05","0.04","200","211","223","0"
"4195","92","-588","16820","0.04","-0.37","10.03","67","18","33","-0.05","0.07","0.04","199","217","223","0"
"4895","164","-520","16888","0.12","-0.33","10.04","65","21","31","0.07","0.2","-0.02","200","216","224","0"
"5595","172","-612","16880","0.1","-0.34","10.13","70","20","31","0.25","0.01","0.1","201","221","225","0"
"6295","60","-484","16896","0.05","-0.34","10.07","67","22","31","-0.11","0.01","0.1","199","225","225","0"
"6995","172","-600","16788","0.13","-0.31","10.02","66","17","33","-0.11","-0.11","0.23","200","214","225","0"
"7695","132","-568","16940","0.07","-0.33","10.12","64","21","31","-0.17","0.14","-0.02","199","215","224","0"
"8394","152","-608","16916","0.13","-0.33","10.07","68","20","29","0.01","0.14","0.04","199","223","226","0"
"9095","24","-576","16748","0","-0.37","10.02","64","19","29","-0.17","0.01","-0.2","200","224","225","0"
"9794","228","-520","16844","0.17","-0.31","10.08","65","20","32","-0.05","-0.05","-0.02","201","219","222","0"
"10495","152","-552","16892","0.11","-0.31","10.07","68","21","29","0.25","0.07","0.04","199","214","221","0"
"observation 40","","","","","","","","","","","","","","","",""
"696","144","-576","16892","0.08","-0.37","10.06","66","20","32","0.01","-0.05","0.1","193","239","209","0"
"1395","112","-532","16820","0.13","-0.34","10.12","63","17","30","0.01","0.01","0.04","198","218","210","0"
"2096","144","-532","16916","0.06","-0.32","10.02","66","17","30","0.01","-0.05","-0.08","194","216","211","0"
"2795","132","-588","16800","0.07","-0.37","10.14","67","16","29","0.13","-0.17","0.1","195","213","212","0"
"3496","88","-552","16780","0.12","-0.31","10.12","67","20","28","0.13","0.14","-0.08","197","214","214","0"
"4195","204","-592","16804","0.1","-0.38","10.06","65","21","32","0.13","0.07","-0.02","199","211","215","0"
"4895","148","-588","16964","0.05","-0.35","10.05","65","19","29","0.01","0.01","-0.2","198","213","217","0"
"5596","112","-564","16692","0.1","-0.33","10.05","65","17","33","0.01","0.01","0.04","199","212","219","0"
"6295","180","-596","16780","0.06","-0.37","10.05","64","19","31","-0.17","0.07","-0.02","201","214","220","0"
"6996","224","-576","16964","0.14","-0.36","10.08","66","17","32","0.01","-0.05","0.04","200","211","222","0"
"7695","72","-540","16864","0.08","-0.35","10.08","68","19","32","0.01","-0.05","0.23","200","214","223","0"
"8395","184","-688","16828","0.12","-0.34","10.1","64","21","30","0.01","0.07","-0.14","199","215","224","0"
"9095","200","-568","16836","0.11","-0.32","10.05","64","18","33","-0.11","-0.05","-0.02","201","216","223","0"
"9795","120","-668","16932","0.05","-0.38","10.12","65","20","30","-0.23","-0.05","-0.14","200","216","222","0"
"10495","120","-608","16788","0.04","-0.38","9.99","65","14","29","-0.05","-0.17","-0.08","199","217","222","0"
"observation 41","","","","","","","","","","","","","","","",""
"696","204","-588","16780","0.13","-0.37","10.05","67","16","30","0.07","0.01","0.04","301","422","554","0"
"1395","96","-476","16824","0.07","-0.33","10.05","64","19","29","-0.05","-0.11","0.1","300","322","517","0"
"2096","124","-552","17028","0.06","-0.34","10.17","64","19","31","-0.11","0.07","-0.2","293","275","492","0"
"2795","120","-652","16836","0.05","-0.39","10.06","65","16","31","0.01","-0.11","-0.08","283","256","472","0"
"3495","116","-588","16876","0.08","-0.34","10.04","66","21","32","0.13","0.14","0.1","280","379","500","0"
"4195","156","-528","16848","0.09","-0.32","10.15","67","15","31","0.01","-0.17","-0.02","278","381","486","0"
"4895","192","-696","16796","0.08","-0.38","10.05","67","22","32","0.01","0.07","0.23","276","363","483","0"
"5595","200","-632","16788","0.01","-0.38","10.08","66","21","33","-0.05","-0.05","0.1","278","370","479","0"
"6295","184","-640","16904","0.09","-0.35","10.1","64","20","35","-0.05","-0.05","0.17","265","371","475","0"
"6994","112","-556","16772","0.07","-0.33","10.03","67","19","35","-0.11","-0.05","0.04","268","355","463","0"
"7695","40","-584","16848","0.11","-0.3","10.11","65","19","27","-0.05","-0.05","-0.26","265","345","454","0"
"8394","180","-580","16968","0.1","-0.37","10.05","69","20","31","0.19","0.01","-0.02","269","333","442","0"
"9095","196","-616","16724","0.14","-0.37","10.02","67","19","31","-0.05","0.07","-0.08","262","327","433","0"
"9795","220","-508","16888","0.11","-0.36","10.14","64","20","31","-0.05","0.07","-0.08","264","342","430","0"
"10495","132","-524","16880","0.06","-0.3","10.1","67","23","29","0.07","0.2","-0.08","260","341","421","0"
"observation 42","","","","","","","","","","","","","","","",""
"696","196","-632","16944","0.08","-0.38","10.07","65","19","34","-0.11","-0.11","-0.02","238","342","365","0"
"1396","120","-556","16828","0.06","-0.28","10.13","65","21","33","-0.11","0.14","0.04","239","350","361","0"
"2096","148","-560","16764","0.04","-0.33","10.06","66","20","31","0.07","-0.05","-0.02","234","338","354","0"
"2796","124","-572","16760","0.13","-0.34","10.07","69","19","33","0.13","0.01","-0.02","230","332","346","0"
"3496","204","-532","16840","0.11","-0.36","10.1","66","21","31","0.07","0.07","-0.02","231","329","341","0"
"4195","132","-556","16904","0.09","-0.35","10.1","65","18","33","-0.05","0.01","0.1","230","325","338","0"
"4896","64","-632","16744","0.05","-0.38","10.02","66","18","32","0.01","-0.05","-0.02","234","321","333","0"
"5595","256","-648","16940","0.13","-0.39","10.17","64","15","31","-0.11","-0.11","-0.02","228","312","327","0"
"6296","136","-604","16944","0.1","-0.31","10.08","65","20","30","0.07","0.07","-0.08","226","312","324","0"
"6996","180","-460","16800","0.15","-0.29","10.06","64","20","31","-0.17","-0.05","0.1","226","303","319","0"
"7695","100","-532","16900","0.11","-0.29","10.05","67","21","34","0.01","0.07","-0.08","230","300","315","0"
"8396","176","-588","16800","0.14","-0.32","10.02","65","21","34","-0.17","0.01","-0.02","220","299","310","0"
"9095","144","-548","16924","0.06","-0.32","10.16","67","19","30","-0.05","-0.05","-0.02","221","293","307","0"
"9796","108","-568","16760","0.1","-0.33","10.06","66","15","34","0.13","-0.17","0.17","221","293","304","0"
"10495","148","-512","16780","0.02","-0.34","10.1","67","20","31","0.01","-0.11","-0.08","220","288","301","0"
"observation 43","","","","","","","","","","","","","","","",""
"696","160","-556","16752","0.09","-0.27","10.03","68","20","30","0.01","0.01","-0.02","204","263","254","0"
"1396","192","-600","16784","0.08","-0.35","10.01","64","19","31","-0.17","-0.05","-0.08","202","240","247","0"
"2096","128","-576","16868","0.04","-0.36","10.08","67","16","31","0.07","-0.05","0.1","203","250","254","0"
"2796","184","-592","16824","0.13","-0.35","10.04","63","20","33","-0.17","-0.11","-0.02","204","251","253","0"
"3496","112","-696","16820","0.02","-0.38","10.06","67","17","31","0.01","-0.05","0.1","206","252","253","0"
"4196","312","-544","16748","0.13","-0.34","10.01","63","18","34","-0.23","-0.11","0.1","202","252","253","0"
"4895","164","-632","16828","0.1","-0.39","10.05","65","17","32","-0.11","-0.23","-0.02","206","251","253","0"
"5596","136","-592","16828","0.06","-0.41","10.11","68","20","30","-0.05","0.07","-0.08","208","249","256","0"
"6295","172","-552","16892","0.12","-0.34","10.03","65","19","29","0.07","-0.05","-0.08","205","249","254","0"
"6996","288","-636","16876","0.11","-0.31","10.07","66","15","32","0.01","-0.17","0.04","204","252","256","0"
"7696","124","-540","16936","0.08","-0.3","10.15","66","20","31","0.07","0.14","0.04","203","248","255","0"
"8395","200","-620","16892","0.11","-0.39","10.09","63","19","31","-0.11","-0.05","0.1","203","249","256","0"
"9096","96","-600","16780","0.06","-0.33","10","67","19","31","-0.11","0.07","-0.2","204","244","254","0"
"9795","172","-572","16732","0.08","-0.34","10.01","64","22","30","-0.11","0.14","0.04","200","247","253","0"
"10496","124","-560","16924","0.11","-0.32","10.05","65","17","35","-0.11","-0.05","0.04","203","246","252","0"
"observation 44","","","","","","","","","","","","","","","",""
"696","140","-612","16776","0.08","-0.38","10.06","64","22","29","-0.05","0.14","-0.02","201","231","234","0"
"1396","164","-620","16928","0.06","-0.35","10.11","63","20","33","-0.11","0.2","-0.02","199","219","231","0"
"2095","144","-512","16876","0.05","-0.3","10.07","69","20","30","0.07","0.07","-0.08","197","214","230","0"
"2796","148","-504","16832","0.12","-0.29","10.14","66","18","30","0.13","0.01","-0.14","199","214","231","0"
"3495","160","-588","16848","0.09","-0.34","10.11","66","20","32","-0.05","0.2","-0.02","200","214","232","0"
"4196","72","-492","16864","0.06","-0.34","10.1","67","19","32","-0.05","-0.17","0.04","202","213","232","0"
"4895","56","-532","16804","0.07","-0.33","9.96","65","18","31","-0.05","-0.11","0.04","202","211","232","0"
"5595","120","-560","16836","0.1","-0.35","10.07","64","18","32","0.01","0.14","0.04","199","209","235","0"
"6295","212","-604","16824","0.11","-0.34","10.11","65","19","29","0.13","-0.11","-0.02","202","211","233","0"
"6995","344","-572","16888","0.11","-0.34","10.06","67","23","31","-0.05","0.2","-0.02","200","203","231","0"
"7695","76","-476","16900","0.07","-0.33","10.14","64","21","31","-0.05","0.07","-0.02","203","210","234","0"
"8395","164","-536","16824","0.13","-0.32","10.02","66","17","31","0.07","0.07","-0.02","205","215","236","0"
"9095","84","-628","16780","0.09","-0.36","10","65","16","30","0.01","-0.11","-0.08","203","217","237","0"
"9795","40","-516","16792","0.07","-0.28","10.08","65","21","30","0.01","0.07","0.04","203","215","238","0"
"10495","40","-676","16832","0.06","-0.33","10.12","64","18","29","-0.05","-0.11","-0.14","203","216","239","0"
"observation 45","","","","","","","","","","","","","","","",""
"696","104","-712","16808","0.06","-0.35","10.05","64","19","30","0.01","-0.05","0.04","194","273","218","0"
"1396","176","-464","16768","0.06","-0.34","10.1","66","19","31","0.01","0.01","-0.14","194","224","204","0"
"2096","132","-660","16796","0.09","-0.36","10.08","67","19","30","0.01","-0.11","-0.02","195","235","210","0"
"2796","120","-628","16992","0.07","-0.38","10.16","63","18","33","-0.11","0.01","0.04","194","233","212","0"
"3496","120","-576","16980","0.11","-0.38","10.1","62","17","33","-0.23","-0.11","0.04","194","229","213","0"
"4195","132","-588","16816","0.06","-0.35","10.04","66","17","33","-0.05","0.07","-0.02","198","231","217","0"
"4896","88","-600","16840","0.07","-0.35","10.08","68","17","32","-0.11","0.07","0.1","196","233","220","0"
"5595","88","-560","16852","0.09","-0.36","10.1","63","18","30","-0.11","0.07","0.04","200","231","218","0"
"6296","144","-568","16792","0.1","-0.36","9.99","64","20","33","-0.05","-0.05","0.04","198","231","220","0"
"6995","100","-576","16948","0.06","-0.34","10.14","67","21","31","0.01","0.01","0.04","197","229","219","0"
"7695","208","-636","16808","0.09","-0.41","10.09","65","18","31","0.07","-0.17","-0.02","200","230","220","0"
"8395","172","-704","16824","0.1","-0.4","10.03","67","18","31","0.07","0.07","-0.14","197","225","223","0"
"9095","116","-580","16752","0.09","-0.35","10.09","65","19","30","0.13","0.01","-0.2","200","227","223","0"
"9795","188","-568","16916","0.11","-0.33","10.11","65","22","32","0.01","0.07","0.17","195","223","221","0"
"10495","248","-600","16800","0.11","-0.38","9.99","65","18","31","-0.11","0.07","-0.02","198","222","220","0"
"observation 46","","","","","","","","","","","","","","","",""
"697","160","-576","16768","0.06","-0.38","10.02","65","19","30","-0.05","-0.11","-0.2","202","230","226","0"
"1397","40","-564","16960","0.12","-0.37","10.16","66","18","30","0.07","-0.11","0.04","202","235","229","0"
"2096","44","-672","16868","0.04","-0.35","10.05","65","19","33","-0.11","0.14","-0.02","202","232","230","0"
"2797","80","-660","16920","0.04","-0.33","10.11","67","19","32","-0.05","0.01","0.04","200","230","227","0"
"3496","156","-540","16900","0.1","-0.34","10.02","65","19","33","-0.11","0.01","0.04","201","226","227","0"
"4197","144","-596","16760","0.02","-0.32","10.1","66","16","31","-0.05","-0.17","-0.02","200","226","224","0"
"4896","116","-568","16900","0.11","-0.32","10.15","66","17","33","-0.05","0.01","-0.08","197","222","222","0"
"5596","176","-500","16908","0.09","-0.26","10.04","62","20","32","0.07","0.07","0.04","198","219","220","0"
"6296","124","-544","16920","0.1","-0.35","10.13","64","20","33","-0.05","-0.05","-0.08","196","218","217","0"
"6996","288","-592","16780","0.12","-0.4","10","66","20","31","-0.05","0.14","0.04","198","216","217","0"
"7696","164","-492","16708","0.14","-0.33","10.02","66","18","33","-0.23","-0.11","0.17","199","216","216","0"
"8396","152","-544","16828","0.07","-0.28","10.11","67","19","31","-0.05","0.01","-0.08","195","215","215","0"
"9095","76","-616","16868","0.08","-0.33","10.17","64","16","30","-0.05","0.01","-0.08","197","214","214","0"
"9796","176","-508","16900","0.07","-0.31","10.08","65","18","29","-0.17","-0.05","0.04","196","214","213","0"
"10495","160","-508","16744","0.08","-0.38","10.01","66","19","32","0.01","0.26","0.17","194","214","214","0"
"observation 47","","","","","","","","","","","","","","","",""
"696","176","-568","16864","0.05","-0.35","10.1","66","20","30","-0.17","0.01","-0.14","200","235","228","0"
"1396","180","-556","16808","0.09","-0.3","10.09","68","16","30","0.01","-0.11","-0.2","202","220","225","0"
"2096","104","-520","16812","0.04","-0.39","10.1","65","19","32","0.01","0.01","-0.02","200","197","217","0"
"2796","108","-564","16836","0.13","-0.33","10.15","64","24","31","-0.11","0.14","-0.2","201","213","222","0"
"3496","124","-624","16804","0.1","-0.34","10.04","66","23","31","-0.05","0.01","-0.08","197","212","221","0"
"4196","140","-564","16840","0.08","-0.33","10.07","64","18","31","-0.11","-0.11","0.04","203","215","223","0"
"4896","76","-548","16804","0.09","-0.33","10.08","67","20","31","0.19","0.14","0.1","200","214","227","0"
"5596","136","-568","16976","0.08","-0.34","10.16","65","18","33","-0.11","-0.05","0.17","205","214","229","0"
"6296","180","-572","16868","0.09","-0.37","10.12","67","20","32","-0.05","0.01","0.04","202","214","231","0"
"6996","56","-604","16808","0.09","-0.38","10.11","65","17","28","0.01","-0.11","-0.14","201","211","228","0"
"7695","128","-588","16812","0.1","-0.32","10.03","67","18","31","0.13","-0.05","0.1","204","218","229","0"
"8396","308","-628","16900","0.1","-0.34","10.02","66","17","28","0.01","0.2","-0.14","201","206","225","0"
"9095","140","-504","16844","0.07","-0.3","10.05","66","19","29","-0.11","0.07","-0.14","200","209","224","0"
"9796","172","-524","16912","0.1","-0.31","10.12","66","16","33","-0.05","-0.11","0.1","201","212","228","0"
"10495","200","-560","16844","0.09","-0.33","10.05","65","21","32","0.01","0.14","0.04","201","210","227","0"
"observation 48","","","","","","","","","","","","","","","",""
"696","264","-576","16848","0.17","-0.37","10.06","65","17","30","0.07","0.07","-0.08","193","219","206","0"
"1396","108","-568","16908","0.14","-0.33","10.13","68","17","28","0.13","-0.05","-0.14","195","214","206","0"
"2096","232","-504","16812","0.11","-0.3","10.12","65","21","30","-0.05","0.07","0.1","194","211","208","0"
"2795","72","-588","16824","0.04","-0.35","10.11","67","19","32","0.01","0.26","-0.02","195","211","211","0"
"3496","164","-548","16864","0.07","-0.31","10.14","68","19","30","0.07","0.01","-0.02","197","213","214","0"
"4195","132","-528","16952","0.1","-0.37","10.09","65","20","31","-0.11","0.14","-0.02","197","211","215","0"
"4896","132","-640","16704","0.08","-0.37","9.99","64","18","31","-0.11","0.01","0.04","197","211","216","0"
"5596","32","-504","16856","0.07","-0.33","10.02","64","18","33","-0.17","-0.23","0.1","196","211","216","0"
"6295","80","-580","16852","0.09","-0.41","10.09","65","18","32","-0.11","-0.11","0.04","199","213","217","0"
"6996","136","-544","16848","0.1","-0.33","10.07","64","19","30","-0.11","-0.05","-0.02","199","213","216","0"
"7695","76","-612","16708","0.1","-0.34","10.05","68","20","33","0.01","0.07","0.17","196","208","216","0"
"8396","124","-540","16756","0.09","-0.33","10.02","66","17","30","-0.17","-0.05","0.23","198","212","218","0"
"9095","128","-608","16780","0.05","-0.38","10.09","63","18","31","-0.11","-0.11","-0.08","199","214","219","0"
"9795","176","-520","17024","0.04","-0.31","10.18","68","21","32","0.13","0.01","-0.14","200","215","221","0"
"10495","88","-552","17100","0.06","-0.31","10.19","65","19","30","0.01","-0.05","-0.2","201","216","222","0"
